Year;Role
2014;Top
2014;Middle
2014;ADC
2014;Support
2014;Jungle
2015;Top
2015;Middle
2015;ADC
2015;Support
2015;Jungle
2016;Top
2016;Middle
2016;ADC
2016;Support
2016;Jungle
2017;Top
2017;Middle
2017;ADC
2017;Support
2017;Jungle
2018;Top
2018;Middle
2018;ADC
2018;Support
2018;Jungle
2019;Top
2019;Middle
2019;ADC
2019;Support
2019;Jungle
2020;Top
2020;Middle
2020;ADC
2020;Support
2020;Jungle
2021;Top
2021;Middle
2021;ADC
2021;Support
2021;Jungle
