Year;Champion;Role;P;B;W;K;D
2014;Ahri;Middle;15.4;1.3;42;43;31
2014;Akali;Top;1.3;0.0;100;9;0
2014;Alistar;Support;1.3;93.6;100;0;4
2014;Alistar;Top;5.1;93.6;75;10;9
2014;Blitzcrank;Support;3.8;0.0;0;4;19
2014;Braum;Support;15.4;0.0;50;1;45
2014;Caitlyn;ADC;2.6;0.0;50;11;4
2014;Corki;ADC;28.2;0.0;55;91;52
2014;Dr. Mundo;Top;12.8;0.0;10;17;31
2014;Elise;Jungle;19.2;1.3;33;22;50
2014;Evelynn;Jungle;2.6;0.0;100;6;2
2014;Ezreal;ADC;2.6;0.0;0;6;2
2014;Fiddlesticks;Jungle;1.3;0.0;100;5;4
2014;Fizz;Middle;16.7;14.1;38;65;40
2014;Galio;Top;1.3;0.0;0;0;7
2014;Graves;ADC;2.6;0.0;50;7;5
2014;Irelia;Top;19.2;7.7;67;45;21
2014;Janna;Support;57.7;10.3;62;15;95
2014;Jarvan IV;Jungle;21.8;1.3;35;29;61
2014;Jayce;Middle;15.4;10.3;58;46;30
2014;Jinx;ADC;9.0;3.8;29;12;30
2014;Kassadin;Middle;5.1;2.6;50;18;13
2014;Kassadin;Top;5.1;2.6;75;17;7
2014;Katarina;Middle;1.3;0.0;100;12;2
2014;Kayle;Support;1.3;2.6;0;0;3
2014;Kayle;Top;15.4;2.6;42;21;37
2014;KhaZix;Jungle;73.1;10.3;44;172;148
2014;KhaZix;Top;1.3;10.3;0;1;1
2014;KogMaw;ADC;20.5;1.3;44;58;40
2014;Lee Sin;Jungle;55.1;37.2;56;125;118
2014;Leona;Support;3.8;0.0;33;5;10
2014;Lissandra;Middle;1.3;0.0;100;4;2
2014;Lucian;ADC;56.4;21.8;52;210;104
2014;Lulu;Middle;6.4;2.6;80;12;7
2014;Lulu;Top;12.8;2.6;10;7;32
2014;Maokai;Top;34.6;57.7;63;73;84
2014;Morgana;Support;15.4;0.0;50;6;38
2014;Nami;Support;33.3;3.8;38;23;85
2014;Nidalee;Top;10.3;21.8;13;18;42
2014;Nunu;Jungle;1.3;0.0;0;0;5
2014;Orianna;Middle;34.6;6.4;52;87;73
2014;Pantheon;Jungle;3.8;0.0;33;15;15
2014;Rammus;Jungle;2.6;1.3;100;4;6
2014;Rengar;Jungle;17.9;24.4;86;61;34
2014;Riven;Top;1.3;0.0;100;0;2
2014;Rumble;Top;32.1;19.2;52;68;94
2014;Ryze;Middle;3.8;39.7;67;18;10
2014;Ryze;Top;43.6;39.7;59;111;107
2014;Singed;Top;2.6;0.0;50;7;5
2014;Sona;Support;3.8;0.0;0;1;12
2014;Swain;Top;1.3;0.0;100;1;8
2014;Syndra;Middle;17.9;14.1;36;59;51
2014;Talon;Middle;9.0;0.0;43;20;37
2014;Thresh;Support;56.4;24.4;55;35;147
2014;Tristana;ADC;41.0;9.0;38;126;70
2014;Twisted Fate;Middle;10.3;7.7;38;39;27
2014;Twitch;ADC;30.8;14.1;71;143;58
2014;Varus;ADC;1.3;0.0;0;3;3
2014;Vayne;ADC;5.1;0.0;75;21;3
2014;Vi;Jungle;1.3;0.0;0;0;7
2014;Xerath;Middle;7.7;0.0;33;9;10
2014;Yasuo;Middle;19.2;19.2;67;61;34
2014;Zed;Middle;24.4;24.4;47;86;68
2014;Ziggs;Middle;2.6;0.0;50;4;3
2014;Zilean;Middle;9.0;79.5;57;23;16
2014;Zilean;Support;7.7;79.5;33;6;18
2015;Ahri;Middle;4.1;0.0;33;9;3
2015;Alistar;Support;41.1;4.1;50;9;82
2015;Anivia;Middle;8.2;0.0;67;9;16
2015;Annie;Support;12.3;1.4;44;11;27
2015;Ashe;ADC;12.3;5.5;56;27;14
2015;Azir;Middle;19.2;38.4;71;49;37
2015;Bard;Support;2.7;0.0;0;3;10
2015;Blitzcrank;Support;1.4;0.0;0;1;5
2015;Brand;Support;1.4;0.0;0;1;6
2015;Braum;Support;28.8;4.1;38;10;61
2015;Caitlyn;ADC;6.8;0.0;60;12;8
2015;Cassiopeia;Middle;1.4;0.0;0;1;1
2015;Darius;Top;52.1;20.5;50;137;127
2015;Diana;Middle;5.5;2.7;50;15;15
2015;Draven;ADC;1.4;0.0;100;5;1
2015;Ekko;Jungle;1.4;0.0;0;1;3
2015;Ekko;Middle;6.8;0.0;20;14;17
2015;Ekko;Top;4.1;0.0;67;13;11
2015;Elise;Jungle;53.4;43.8;67;96;92
2015;Evelynn;Jungle;5.5;0.0;25;5;16
2015;Fiora;Top;26.0;5.5;58;69;56
2015;Fizz;Middle;5.5;6.8;50;16;8
2015;Gangplank;Middle;2.7;94.5;100;7;0
2015;Gangplank;Top;2.7;94.5;100;7;5
2015;Gnar;Top;26.0;2.7;42;50;62
2015;Gragas;Jungle;39.7;5.5;45;37;88
2015;Graves;ADC;1.4;0.0;100;9;2
2015;Hecarim;Jungle;1.4;0.0;0;0;3
2015;Hecarim;Top;5.5;0.0;50;17;9
2015;Irelia;Middle;1.4;0.0;0;2;7
2015;Irelia;Top;1.4;0.0;0;3;2
2015;Janna;Support;4.1;0.0;67;0;6
2015;Jarvan IV;Jungle;5.5;0.0;75;6;11
2015;Jarvan IV;Top;1.4;0.0;100;5;6
2015;Jayce;ADC;1.4;0.0;0;1;2
2015;Jinx;ADC;39.7;5.5;52;147;68
2015;Kalista;ADC;39.7;34.2;48;126;65
2015;Karthus;Middle;1.4;0.0;100;4;3
2015;Kassadin;Middle;9.6;0.0;71;37;13
2015;Kennen;ADC;6.8;6.8;60;19;13
2015;Kennen;Support;8.2;6.8;50;9;25
2015;Kennen;Top;6.8;6.8;40;16;21
2015;KogMaw;ADC;9.6;1.4;43;42;18
2015;LeBlanc;Middle;15.1;8.2;55;56;16
2015;Lee Sin;Jungle;24.7;13.7;50;45;50
2015;Leona;Support;1.4;0.0;100;0;3
2015;Lissandra;Middle;4.1;0.0;67;11;10
2015;Lissandra;Top;1.4;0.0;0;0;5
2015;Lucian;ADC;1.4;0.0;100;7;4
2015;Lulu;Middle;24.7;58.9;44;42;33
2015;Lulu;Top;11.0;58.9;63;9;18
2015;Malphite;Top;13.7;5.5;30;18;18
2015;Maokai;Top;4.1;0.0;0;2;10
2015;Mordekaiser;ADC;5.5;93.2;100;26;4
2015;Morgana;Middle;1.4;2.7;0;2;4
2015;Morgana;Support;23.3;2.7;47;4;45
2015;Nautilus;Support;1.4;0.0;0;0;6
2015;Nidalee;Jungle;4.1;4.1;100;12;6
2015;Nunu;Jungle;1.4;0.0;0;1;5
2015;Olaf;Jungle;1.4;2.7;0;4;6
2015;Olaf;Middle;1.4;2.7;100;8;2
2015;Olaf;Top;11.0;2.7;38;31;18
2015;Orianna;Middle;16.4;0.0;25;31;37
2015;RekSai;Jungle;50.7;26.0;41;50;94
2015;Renekton;Top;8.2;5.5;67;22;11
2015;Rengar;Jungle;2.7;0.0;0;4;6
2015;Riven;Top;13.7;0.0;50;34;36
2015;Rumble;Top;6.8;1.4;80;29;15
2015;Ryze;Middle;8.2;2.7;83;29;8
2015;Shen;Support;15.1;4.1;82;9;33
2015;Shen;Top;1.4;4.1;100;2;0
2015;Sivir;ADC;26.0;0.0;47;64;45
2015;Skarner;Jungle;4.1;0.0;33;2;5
2015;Syndra;Middle;1.4;0.0;0;2;1
2015;Tahm Kench;Support;19.2;27.4;71;11;34
2015;Thresh;Support;39.7;8.2;45;22;88
2015;Tristana;ADC;37.0;0.0;41;89;58
2015;Twisted Fate;Middle;16.4;21.9;58;46;31
2015;Twitch;ADC;1.4;0.0;0;4;4
2015;Varus;ADC;1.4;5.5;100;3;4
2015;Varus;Middle;1.4;5.5;0;1;6
2015;Vayne;ADC;8.2;1.4;33;26;17
2015;Veigar;Middle;11.0;13.7;38;31;24
2015;Vi;Jungle;1.4;0.0;0;0;6
2015;Viktor;Middle;23.3;1.4;47;64;31
2015;Vladimir;Top;1.4;0.0;100;0;3
2015;Yasuo;Middle;6.8;8.2;40;15;20
2015;Yasuo;Top;1.4;8.2;0;5;4
2015;Zac;Jungle;2.7;0.0;100;0;4
2015;Zed;Middle;2.7;0.0;0;7;6
2016;Alistar;Jungle;1.3;6.5;100;1;1
2016;Alistar;Support;28.6;6.5;64;13;59
2016;Anivia;Middle;1.3;1.3;100;2;2
2016;Ashe;ADC;14.3;5.2;64;33;26
2016;Aurelion Sol;Middle;15.6;26.0;67;59;30
2016;Bard;Support;15.6;6.5;25;12;47
2016;Brand;Support;1.3;10.4;100;3;1
2016;Braum;Support;20.8;0.0;38;10;38
2016;Caitlyn;ADC;44.2;19.5;47;93;74
2016;Cassiopeia;Middle;28.6;7.8;36;67;60
2016;Ekko;Top;13.0;1.3;50;30;23
2016;Elise;Jungle;37.7;27.3;34;64;75
2016;Ezreal;ADC;41.6;9.1;34;122;71
2016;Fiora;Top;1.3;0.0;0;5;7
2016;Gnar;Top;23.4;15.6;39;37;47
2016;Graves;Jungle;9.1;0.0;43;16;18
2016;Hecarim;Jungle;3.9;0.0;67;6;4
2016;Irelia;Top;6.5;1.3;60;22;20
2016;Jayce;Middle;5.2;27.3;50;11;14
2016;Jayce;Top;28.6;27.3;59;60;60
2016;Jhin;ADC;50.6;15.6;62;151;74
2016;Jinx;ADC;6.5;0.0;40;12;8
2016;Karma;Middle;6.5;20.8;40;10;16
2016;Karma;Support;48.1;20.8;46;14;90
2016;Kennen;Support;1.3;18.2;0;2;9
2016;Kennen;Top;28.6;18.2;55;62;69
2016;KhaZix;Jungle;1.3;0.0;0;4;4
2016;Kindred;Jungle;1.3;0.0;0;2;5
2016;Kled;Top;1.3;0.0;0;1;6
2016;Lee Sin;Jungle;46.8;10.4;56;99;86
2016;Lee Sin;Support;1.3;10.4;100;1;2
2016;Lissandra;Middle;3.9;0.0;67;10;10
2016;Lucian;ADC;16.9;1.3;54;58;23
2016;Malzahar;Middle;14.3;3.9;45;43;35
2016;Maokai;Top;2.6;0.0;50;5;5
2016;Miss Fortune;Support;3.9;5.2;100;6;9
2016;Nami;Support;31.2;2.6;42;17;58
2016;Nautilus;Top;1.3;0.0;0;1;4
2016;Nidalee;Jungle;14.3;85.7;73;28;31
2016;Nocturne;Jungle;1.3;0.0;100;3;2
2016;Olaf;Jungle;46.8;29.9;50;90;82
2016;Orianna;Middle;16.9;0.0;38;40;35
2016;Poppy;Top;37.7;11.7;48;48;61
2016;RekSai;Jungle;23.4;20.8;44;26;45
2016;Rumble;Top;41.6;11.7;50;76;109
2016;Ryze;Middle;24.7;35.1;53;71;34
2016;Shen;Top;1.3;1.3;0;3;4
2016;Sivir;ADC;26.0;14.3;50;46;33
2016;Skarner;Jungle;7.8;1.3;67;11;13
2016;Soraka;Support;2.6;1.3;50;1;6
2016;Syndra;Middle;20.8;76.6;63;77;40
2016;Tahm Kench;Support;14.3;15.6;55;16;30
2016;Taric;Support;1.3;0.0;100;0;7
2016;Trundle;Support;1.3;1.3;0;0;4
2016;Trundle;Top;13.0;1.3;60;24;18
2016;Twisted Fate;Middle;1.3;6.5;0;0;6
2016;Varus;Middle;6.5;3.9;60;13;10
2016;Viktor;Middle;29.9;7.8;57;85;55
2016;Vladimir;Middle;19.5;15.6;47;50;27
2016;Zac;Jungle;5.2;5.2;50;10;9
2016;Zilean;Middle;5.2;0.0;25;11;15
2016;Zyra;Support;28.6;6.5;64;32;61
2017;Alistar;Support;2.5;2.5;0;0;5
2017;Ashe;ADC;1.3;0.0;100;5;0
2017;Aurelion Sol;Middle;1.3;0.0;0;3;4
2017;Blitzcrank;Support;3.8;3.8;33;2;9
2017;Braum;Support;1.3;1.3;100;0;1
2017;Caitlyn;ADC;11.3;12.5;67;30;9
2017;Camille;Top;3.8;0.0;33;7;5
2017;Cassiopeia;Middle;11.3;25.0;44;17;15
2017;Chogath;Jungle;1.3;26.3;0;1;3
2017;Chogath;Top;50.0;26.3;53;83;87
2017;Corki;Middle;20.0;3.8;44;32;28
2017;Ekko;Middle;1.3;0.0;0;3;2
2017;Elise;Jungle;2.5;2.5;50;3;3
2017;Ezreal;Jungle;7.5;20.0;33;10;12
2017;Fizz;Middle;5.0;0.0;75;10;5
2017;Galio;Middle;21.3;65.0;71;35;19
2017;Galio;Top;5.0;65.0;50;2;13
2017;Gangplank;Top;1.3;0.0;0;2;4
2017;Gnar;Top;20.0;31.3;75;39;31
2017;Gragas;Jungle;45.0;27.5;64;33;71
2017;Graves;Jungle;2.5;1.3;50;3;6
2017;Ivern;Jungle;2.5;3.8;50;1;5
2017;Janna;Support;55.0;40.0;70;13;41
2017;Jarvan IV;Jungle;46.3;46.3;49;48;89
2017;Jarvan IV;Top;6.3;46.3;80;17;12
2017;Jax;Top;1.3;1.3;0;3;4
2017;Jayce;Middle;3.8;45.0;67;11;2
2017;Jayce;Top;10.0;45.0;63;21;17
2017;Jinx;ADC;1.3;0.0;0;0;2
2017;Karma;Middle;3.8;3.8;33;4;8
2017;Karma;Support;10.0;3.8;25;1;19
2017;Kassadin;Middle;5.0;12.5;50;9;8
2017;Kayn;Jungle;3.8;1.3;33;7;7
2017;Kennen;Top;5.0;1.3;50;9;11
2017;KhaZix;Jungle;3.8;5.0;100;7;7
2017;KogMaw;ADC;33.8;27.5;44;93;60
2017;LeBlanc;Middle;5.0;28.7;75;20;4
2017;Lee Sin;Jungle;5.0;0.0;50;5;10
2017;Leona;Support;3.8;1.3;67;6;7
2017;Lissandra;Middle;1.3;0.0;100;3;1
2017;Lucian;Middle;6.3;15.0;20;14;18
2017;Lulu;Support;58.8;35.0;40;18;73
2017;Malzahar;Middle;12.5;8.8;90;27;23
2017;Maokai;Jungle;1.3;7.5;0;1;5
2017;Maokai;Top;31.3;7.5;28;13;61
2017;Mordekaiser;Top;1.3;0.0;0;0;8
2017;Morgana;Support;2.5;0.0;0;3;5
2017;Nami;Support;1.3;0.0;0;1;2
2017;Nasus;Top;1.3;1.3;100;2;0
2017;Nautilus;Top;3.8;0.0;67;2;6
2017;Nidalee;Jungle;1.3;3.8;0;2;3
2017;Nocturne;Jungle;2.5;2.5;50;6;8
2017;Orianna;Middle;16.3;23.8;46;30;27
2017;Rakan;Support;25.0;42.5;55;11;42
2017;RekSai;Jungle;13.8;8.8;36;26;27
2017;Renekton;Top;3.8;7.5;33;11;7
2017;Rengar;Jungle;1.3;0.0;0;6;6
2017;Rumble;Top;8.8;10.0;43;15;16
2017;Ryze;Middle;35.0;18.8;32;66;46
2017;Sejuani;Jungle;55.0;43.8;50;62;78
2017;Shen;Top;27.5;36.3;50;39;36
2017;Singed;Top;2.5;2.5;100;2;3
2017;Sivir;ADC;3.8;1.3;33;8;8
2017;Sona;Support;1.3;0.0;0;0;4
2017;Soraka;Support;5.0;1.3;75;1;8
2017;Syndra;Middle;28.7;35.0;43;52;45
2017;Tahm Kench;Support;1.3;0.0;100;1;1
2017;Taliyah;Middle;20.0;30.0;56;48;23
2017;Taric;Support;22.5;2.5;39;3;25
2017;Thresh;Support;3.8;5.0;33;3;5
2017;Tristana;ADC;56.3;20.0;49;144;74
2017;Trundle;Support;1.3;13.8;100;0;1
2017;Trundle;Top;12.5;13.8;50;15;13
2017;Twitch;ADC;27.5;11.3;59;92;35
2017;Urgot;Top;2.5;1.3;50;4;8
2017;Varus;ADC;28.7;7.5;43;61;40
2017;Vayne;ADC;5.0;1.3;50;18;4
2017;Vladimir;Middle;1.3;1.3;0;1;1
2017;Xayah;ADC;31.3;55.0;52;77;32
2017;Yasuo;Middle;1.3;0.0;100;6;3
2017;Yasuo;Top;2.5;0.0;0;2;6
2017;Zac;Jungle;5.0;1.3;25;3;11
2017;Zilean;Support;1.3;0.0;0;2;5
2018;Aatrox;Middle;7.8;58.4;67;21;16
2018;Aatrox;Top;32.5;58.4;52;44;61
2018;Ahri;Middle;1.3;0.0;100;3;3
2018;Akali;Middle;7.8;66.2;83;42;16
2018;Akali;Top;6.5;66.2;60;8;9
2018;Alistar;Support;36.4;61.0;54;14;61
2018;Ashe;ADC;1.3;0.0;0;2;2
2018;Azir;Middle;7.8;1.3;50;17;9
2018;Bard;Support;1.3;0.0;0;1;2
2018;Brand;ADC;1.3;0.0;0;5;5
2018;Braum;Support;31.2;7.8;54;9;49
2018;Camille;Jungle;14.3;32.5;55;32;32
2018;Camille;Top;7.8;32.5;33;9;17
2018;Cassiopeia;Middle;3.9;0.0;0;5;5
2018;Chogath;Top;3.9;0.0;33;6;7
2018;Draven;ADC;2.6;7.8;50;9;3
2018;Ekko;Middle;2.6;1.3;50;11;7
2018;Ekko;Top;2.6;1.3;0;4;11
2018;Elise;Jungle;1.3;0.0;0;0;2
2018;Evelynn;Jungle;1.3;0.0;0;0;1
2018;Ezreal;ADC;10.4;1.3;38;19;18
2018;Fiora;Top;2.6;0.0;0;6;3
2018;Galio;Middle;27.3;22.1;48;47;45
2018;Gangplank;Top;2.6;1.3;50;5;3
2018;Gragas;Jungle;27.3;11.7;48;39;47
2018;Gragas;Support;13.0;11.7;30;3;38
2018;Gragas;Top;1.3;11.7;0;3;3
2018;Graves;Jungle;5.2;0.0;25;13;7
2018;Hecarim;Top;1.3;1.3;100;5;2
2018;Heimerdinger;ADC;2.6;16.9;100;4;0
2018;Irelia;Middle;16.9;51.9;62;46;38
2018;Irelia;Top;14.3;51.9;55;41;33
2018;Jarvan IV;Jungle;3.9;0.0;33;7;11
2018;Jax;Jungle;1.3;2.6;0;1;4
2018;Jax;Top;1.3;2.6;100;2;1
2018;Jayce;Middle;1.3;10.4;100;4;1
2018;Jayce;Top;5.2;10.4;50;12;15
2018;Jhin;ADC;7.8;6.5;33;8;9
2018;Kaisa;ADC;55.8;24.7;49;167;79
2018;Kalista;ADC;2.6;0.0;50;5;5
2018;Kassadin;Middle;1.3;0.0;0;0;3
2018;Kindred;Jungle;7.8;22.1;33;8;20
2018;Kled;Top;1.3;0.0;100;2;1
2018;LeBlanc;Middle;22.1;44.2;71;71;34
2018;Lee Sin;Jungle;22.1;9.1;53;46;35
2018;Leona;Support;14.3;2.6;64;11;33
2018;Lissandra;Middle;28.6;27.3;32;44;61
2018;Lucian;ADC;19.5;10.4;60;50;26
2018;Lulu;Middle;1.3;0.0;0;0;0
2018;Malzahar;Middle;1.3;2.6;0;0;3
2018;Mordekaiser;ADC;1.3;0.0;0;0;3
2018;Nami;Support;1.3;0.0;0;0;3
2018;Nautilus;Support;2.6;1.3;50;1;10
2018;Nidalee;Jungle;1.3;0.0;0;0;4
2018;Nocturne;Jungle;28.6;40.3;68;44;51
2018;Olaf;Jungle;20.8;14.3;44;54;29
2018;Ornn;Top;15.6;16.9;83;18;25
2018;Poppy;Jungle;2.6;3.9;0;3;5
2018;Poppy;Support;1.3;3.9;0;1;5
2018;Poppy;Top;6.5;3.9;40;4;10
2018;Rakan;Support;40.3;32.5;55;29;73
2018;RekSai;Jungle;1.3;0.0;100;10;3
2018;Ryze;Middle;16.9;22.1;38;34;28
2018;Ryze;Top;5.2;22.1;75;6;4
2018;Shen;Support;10.4;15.6;63;2;23
2018;Shen;Top;10.4;15.6;50;19;11
2018;Singed;Top;1.3;0.0;100;5;1
2018;Sion;Middle;6.5;19.5;80;5;3
2018;Sion;Top;31.2;19.5;38;21;56
2018;Sivir;ADC;23.4;11.7;67;62;30
2018;Skarner;Jungle;3.9;10.4;0;3;10
2018;Swain;Middle;7.8;10.4;50;26;14
2018;Swain;Top;6.5;10.4;40;12;14
2018;Syndra;Middle;24.7;27.3;47;51;41
2018;Tahm Kench;Support;20.8;44.2;44;8;36
2018;Taliyah;Jungle;22.1;32.5;59;54;32
2018;Thresh;Support;27.3;19.5;43;13;72
2018;Tristana;ADC;11.7;6.5;44;19;9
2018;Trundle;Jungle;1.3;0.0;0;0;5
2018;Urgot;Middle;2.6;58.4;50;3;4
2018;Urgot;Top;33.8;58.4;46;71;70
2018;Varus;ADC;14.3;14.3;45;32;25
2018;VelKoz;Middle;2.6;3.9;50;3;4
2018;Viktor;ADC;1.3;7.8;0;0;2
2018;Viktor;Middle;1.3;7.8;0;2;5
2018;Viktor;Top;6.5;7.8;60;19;12
2018;Xayah;ADC;44.2;36.4;50;127;61
2018;Xin Zhao;Jungle;32.5;24.7;56;68;59
2018;Yasuo;Middle;1.3;2.6;100;1;5
2018;Zac;Jungle;1.3;2.6;100;0;0
2018;Zilean;Middle;2.6;9.1;50;15;4
2018;Zoe;Middle;2.6;1.3;0;3;6
2019;Aatrox;Middle;1.3;2.6;100;2;1
2019;Aatrox;Top;7.8;2.6;50;15;17
2019;Akali;Middle;15.6;59.7;67;44;14
2019;Akali;Top;11.7;59.7;44;31;19
2019;Alistar;Support;14.3;3.9;36;4;44
2019;Anivia;Middle;1.3;0.0;0;1;2
2019;Azir;Middle;3.9;0.0;33;9;10
2019;Bard;Support;1.3;0.0;0;0;7
2019;Blitzcrank;Support;7.8;7.8;33;8;27
2019;Caitlyn;ADC;1.3;0.0;0;4;3
2019;Camille;Middle;3.9;6.5;100;11;2
2019;Camille;Top;5.2;6.5;100;8;13
2019;Cassiopeia;ADC;1.3;2.6;0;0;7
2019;Cassiopeia;Middle;7.8;2.6;50;18;20
2019;Chogath;Top;3.9;1.3;33;9;4
2019;Corki;Middle;2.6;0.0;50;9;2
2019;Draven;ADC;2.6;1.3;50;9;5
2019;Ekko;Jungle;1.3;0.0;100;3;2
2019;Elise;Jungle;29.9;28.6;48;75;68
2019;Ezreal;ADC;18.2;11.7;36;36;33
2019;Ezreal;Middle;1.3;11.7;100;3;0
2019;Ezreal;Top;1.3;11.7;0;3;3
2019;Fiddlesticks;Support;1.3;0.0;100;2;3
2019;Fiora;Top;3.9;5.2;33;10;13
2019;Galio;Middle;6.5;6.5;40;11;14
2019;Galio;Support;9.1;6.5;29;3;26
2019;Gangplank;Top;33.8;23.4;54;65;61
2019;Garen;ADC;9.1;1.3;43;25;22
2019;Gnar;Top;10.4;2.6;50;17;16
2019;Gragas;Jungle;44.2;20.8;65;75;89
2019;Gragas;Support;9.1;20.8;57;1;21
2019;Heimerdinger;ADC;5.2;6.5;25;8;15
2019;Irelia;ADC;1.3;14.3;100;5;2
2019;Irelia;Middle;2.6;14.3;50;4;9
2019;Irelia;Top;1.3;14.3;0;2;6
2019;Jarvan IV;Jungle;13.0;13.0;30;10;30
2019;Jax;Top;1.3;5.2;100;1;0
2019;Jayce;Middle;5.2;14.3;25;11;10
2019;Jayce;Top;15.6;14.3;50;38;38
2019;Jinx;ADC;2.6;0.0;50;8;3
2019;Kaisa;ADC;64.9;15.6;50;243;94
2019;Karma;Support;1.3;2.6;100;0;2
2019;Karthus;Jungle;2.6;1.3;0;4;4
2019;Kayle;ADC;1.3;46.8;100;5;2
2019;Kayle;Middle;13.0;46.8;40;20;20
2019;Kayle;Top;13.0;46.8;50;24;41
2019;Kennen;Top;2.6;2.6;50;3;8
2019;KhaZix;Jungle;1.3;0.0;0;1;1
2019;Kled;Middle;2.6;13.0;50;9;4
2019;Kled;Top;3.9;13.0;67;5;6
2019;KogMaw;ADC;1.3;0.0;100;12;6
2019;LeBlanc;Middle;13.0;35.1;70;39;18
2019;Lee Sin;Jungle;54.5;10.4;45;106;113
2019;Leona;Support;19.5;9.1;67;13;55
2019;Lissandra;Middle;2.6;1.3;50;5;6
2019;Lucian;ADC;5.2;9.1;0;4;15
2019;Lucian;Middle;3.9;9.1;33;16;12
2019;Lucian;Top;2.6;9.1;50;9;7
2019;Lulu;Support;2.6;0.0;50;1;5
2019;Malphite;Middle;1.3;0.0;100;3;1
2019;Mordekaiser;Top;5.2;0.0;0;16;14
2019;Morgana;ADC;1.3;13.0;0;0;2
2019;Morgana;Support;3.9;13.0;67;5;4
2019;Nautilus;Middle;5.2;22.1;75;16;18
2019;Nautilus;Support;42.9;22.1;52;32;107
2019;Neeko;Middle;1.3;0.0;0;1;3
2019;Nocturne;Jungle;5.2;3.9;25;3;14
2019;Olaf;Jungle;10.4;13.0;63;32;25
2019;Orianna;ADC;1.3;1.3;0;1;4
2019;Orianna;Middle;10.4;1.3;63;22;20
2019;Ornn;Support;2.6;5.2;50;1;5
2019;Ornn;Top;9.1;5.2;71;15;18
2019;Poppy;Middle;1.3;0.0;0;2;5
2019;Poppy;Support;1.3;0.0;100;3;4
2019;Poppy;Top;1.3;0.0;0;1;5
2019;Pyke;Middle;1.3;7.8;0;3;4
2019;Pyke;Support;7.8;7.8;17;13;21
2019;Qiyana;Jungle;9.1;72.7;86;28;20
2019;Qiyana;Middle;9.1;72.7;29;24;24
2019;Qiyana;Top;1.3;72.7;0;3;3
2019;Quinn;Top;2.6;9.1;50;5;6
2019;Rakan;Support;29.9;26.0;57;15;55
2019;RekSai;Jungle;16.9;15.6;54;44;33
2019;Renekton;Middle;2.6;59.7;50;12;7
2019;Renekton;Top;23.4;59.7;61;57;50
2019;Rengar;Top;1.3;0.0;0;5;4
2019;Rumble;Middle;1.3;15.6;100;10;1
2019;Rumble;Top;2.6;15.6;0;9;4
2019;Ryze;Middle;32.5;28.6;56;80;59
2019;Ryze;Top;6.5;28.6;60;12;20
2019;Sejuani;Jungle;1.3;0.0;0;1;2
2019;Shen;Support;3.9;0.0;33;3;13
2019;Shen;Top;3.9;0.0;33;8;15
2019;Sion;Middle;3.9;0.0;33;4;6
2019;Sion;Top;5.2;0.0;0;3;14
2019;Sivir;ADC;1.3;1.3;100;11;0
2019;Skarner;Jungle;2.6;2.6;0;2;6
2019;Sona;ADC;1.3;1.3;0;1;3
2019;Sylas;Jungle;1.3;1.3;0;4;4
2019;Syndra;ADC;5.2;51.9;0;5;11
2019;Syndra;Middle;14.3;51.9;36;40;32
2019;Tahm Kench;Support;9.1;5.2;71;8;17
2019;Taliyah;Jungle;6.5;2.6;40;15;11
2019;Thresh;Support;19.5;2.6;53;11;40
2019;Tristana;ADC;2.6;14.3;0;4;3
2019;Tristana;Middle;9.1;14.3;29;19;21
2019;Tristana;Top;1.3;14.3;0;2;6
2019;Twisted Fate;Middle;3.9;18.2;33;6;11
2019;Urgot;Top;1.3;0.0;100;8;5
2019;Varus;ADC;11.7;1.3;67;58;24
2019;Vayne;ADC;2.6;5.2;100;6;3
2019;Veigar;ADC;2.6;10.4;0;5;5
2019;Veigar;Middle;3.9;10.4;67;12;5
2019;Viktor;Middle;1.3;0.0;0;1;2
2019;Vladimir;Top;14.3;11.7;55;34;40
2019;Volibear;Support;1.3;1.3;0;1;4
2019;Xayah;ADC;44.2;39.0;71;153;58
2019;Yasuo;ADC;10.4;18.2;63;20;23
2019;Yasuo;Middle;5.2;18.2;75;11;8
2019;Yasuo;Top;1.3;18.2;100;3;2
2019;Yorick;Top;1.3;0.0;100;2;2
2019;Yuumi;Support;11.7;23.4;33;14;18
2019;Zilean;Middle;1.3;0.0;0;1;1
2019;Zoe;ADC;1.3;0.0;0;2;2
2019;Zoe;Middle;3.9;0.0;33;9;3
2020;Akali;Middle;6.6;11.8;60;25;12
2020;Alistar;Support;7.9;3.9;0;7;27
2020;Aphelios;ADC;7.9;2.6;50;20;14
2020;Ashe;ADC;42.1;26.3;47;101;82
2020;Azir;Middle;13.2;6.6;30;20;20
2020;Bard;Support;19.7;15.8;60;9;34
2020;Blitzcrank;Support;5.3;5.3;50;4;10
2020;Braum;Support;9.2;3.9;57;7;16
2020;Caitlyn;ADC;14.5;35.5;55;34;15
2020;Camille;Top;18.4;55.3;57;65;45
2020;Draven;ADC;2.6;1.3;50;5;3
2020;Ekko;Middle;9.2;3.9;71;21;7
2020;Evelynn;Jungle;5.3;7.9;50;15;11
2020;Ezreal;ADC;27.6;25.0;57;72;54
2020;Fiora;Top;2.6;0.0;50;10;8
2020;Galio;Middle;19.7;5.3;40;36;40
2020;Gangplank;Top;14.5;9.2;45;36;31
2020;Gnar;Top;1.3;0.0;100;1;2
2020;Gragas;Jungle;3.9;3.9;67;11;6
2020;Graves;Jungle;68.4;23.7;44;180;142
2020;Hecarim;Jungle;5.3;5.3;50;12;8
2020;Irelia;Top;2.6;7.9;50;8;7
2020;Jarvan IV;Jungle;3.9;2.6;67;3;7
2020;Jax;Top;9.2;6.6;71;29;19
2020;Jayce;Middle;3.9;3.9;33;11;13
2020;Jayce;Top;6.6;3.9;20;16;17
2020;Jhin;ADC;40.8;14.5;65;131;44
2020;Kalista;ADC;10.5;22.4;25;16;27
2020;Karma;Support;5.3;5.3;75;1;6
2020;Karthus;ADC;1.3;1.3;0;3;6
2020;Kassadin;Middle;2.6;3.9;0;5;12
2020;Kayle;Top;1.3;0.0;0;0;2
2020;Kennen;Top;5.3;3.9;100;14;13
2020;KhaZix;Jungle;1.3;0.0;0;2;6
2020;Kindred;Jungle;25.0;11.8;58;66;36
2020;LeBlanc;Middle;1.3;0.0;0;2;4
2020;Lee Sin;Jungle;13.2;3.9;40;26;27
2020;Leona;Support;31.6;23.7;71;21;81
2020;Lillia;Jungle;32.9;17.1;48;72;78
2020;Lucian;ADC;1.3;78.9;0;0;2
2020;Lucian;Middle;13.2;78.9;60;43;29
2020;Lulu;Middle;1.3;9.2;0;2;3
2020;Lulu;Support;6.6;9.2;60;4;8
2020;Lulu;Top;5.3;9.2;50;4;10
2020;Lux;Support;6.6;3.9;40;2;9
2020;Malphite;Top;5.3;0.0;50;8;7
2020;Maokai;Top;1.3;0.0;100;1;3
2020;Miss Fortune;ADC;6.6;0.0;60;18;11
2020;Mordekaiser;Top;2.6;3.9;0;8;7
2020;Nautilus;Support;17.1;6.6;15;8;58
2020;Nidalee;Jungle;26.3;63.2;55;65;42
2020;Nocturne;Middle;1.3;0.0;100;5;3
2020;Orianna;Middle;36.8;15.8;54;94;53
2020;Ornn;Top;38.2;52.6;48;37;66
2020;Pantheon;Support;22.4;27.6;59;44;59
2020;Quinn;Top;1.3;0.0;0;2;4
2020;Rakan;Support;18.4;11.8;50;8;35
2020;Renekton;Top;28.9;39.5;36;55;82
2020;Rengar;Jungle;1.3;0.0;100;2;1
2020;Ryze;Middle;1.3;0.0;0;1;4
2020;Senna;ADC;39.5;15.8;47;58;58
2020;Senna;Support;1.3;15.8;0;1;4
2020;Sett;Jungle;1.3;30.3;0;0;1
2020;Sett;Middle;3.9;30.3;100;9;1
2020;Sett;Support;11.8;30.3;44;17;45
2020;Sett;Top;5.3;30.3;50;13;12
2020;Shen;Jungle;2.6;31.6;50;7;6
2020;Shen;Top;7.9;31.6;67;12;18
2020;Singed;Top;1.3;0.0;100;2;3
2020;Sion;Top;7.9;1.3;50;12;14
2020;Sylas;Jungle;2.6;11.8;100;5;4
2020;Sylas;Middle;10.5;11.8;50;29;18
2020;Sylas;Top;1.3;11.8;100;5;0
2020;Syndra;Middle;36.8;52.6;50;84;65
2020;Tahm Kench;Support;19.7;18.4;53;17;55
2020;Taric;Support;3.9;0.0;33;0;5
2020;Thresh;Support;13.2;18.4;40;4;26
2020;Twisted Fate;Middle;21.1;60.5;56;52;39
2020;Twitch;ADC;2.6;15.8;0;6;6
2020;Urgot;Top;1.3;0.0;0;3;4
2020;Vayne;Middle;1.3;0.0;100;11;1
2020;VelKoz;Middle;2.6;0.0;0;3;6
2020;Vladimir;Top;3.9;3.9;67;5;6
2020;Volibear;Jungle;6.6;18.4;60;12;11
2020;Volibear;Top;22.4;18.4;53;40;54
2020;Wukong;Top;3.9;6.6;33;7;12
2020;Ziggs;ADC;2.6;0.0;0;2;7
2020;Zilean;Middle;2.6;0.0;0;1;2
2020;Zoe;Middle;10.5;3.9;63;25;11
2021;Aatrox;Middle;1.2;1.2;100;2;2
2021;Aatrox;Top;2.4;1.2;50;6;2
2021;Alistar;Support;6.0;0.0;40;6;19
2021;Amumu;Support;1.2;7.2;100;2;4
2021;Annie;Middle;2.4;1.2;50;6;6
2021;Aphelios;ADC;37.3;41.0;61;115;63
2021;Ashe;ADC;1.2;0.0;0;2;6
2021;Azir;Middle;12.0;14.5;40;34;34
2021;Braum;Support;13.3;9.6;36;4;38
2021;Camille;Top;8.4;10.8;57;16;30
2021;Draven;ADC;4.8;21.7;25;11;8
2021;Ezreal;ADC;13.3;9.6;55;42;23
2021;Fiddlesticks;Jungle;2.4;2.4;50;8;9
2021;Fiora;Top;2.4;0.0;100;10;2
2021;Galio;Middle;3.6;9.6;33;8;10
2021;Gangplank;Top;2.4;3.6;100;10;7
2021;Gnar;Top;9.6;2.4;38;17;20
2021;Gragas;Jungle;1.2;1.2;0;2;7
2021;Gragas;Support;1.2;1.2;0;1;5
2021;Gragas;Top;4.8;1.2;50;13;13
2021;Graves;Jungle;3.6;34.9;0;4;12
2021;Graves;Top;39.8;34.9;64;102;76
2021;Gwen;Top;16.9;10.8;29;36;34
2021;Irelia;Middle;4.8;54.2;25;12;17
2021;Irelia;Top;6.0;54.2;20;7;25
2021;Jarvan IV;Jungle;33.7;39.8;50;58;87
2021;Jarvan IV;Top;3.6;39.8;0;10;9
2021;Jax;Top;8.4;0.0;43;18;23
2021;Jayce;Top;27.7;27.7;43;73;83
2021;Jhin;ADC;33.7;2.4;64;93;31
2021;Jinx;ADC;1.2;3.6;0;0;3
2021;Kaisa;ADC;9.6;2.4;38;32;18
2021;Kalista;ADC;1.2;1.2;0;6;4
2021;Kassadin;Middle;1.2;1.2;100;8;2
2021;Kennen;Top;26.5;34.9;73;94;74
2021;LeBlanc;Middle;27.7;61.4;57;95;44
2021;Lee Sin;Jungle;44.6;54.2;59;117;90
2021;Leona;Support;38.6;26.5;34;22;103
2021;Lillia;Jungle;2.4;0.0;50;7;8
2021;Lissandra;Middle;6.0;3.6;80;8;8
2021;Lucian;ADC;18.1;54.2;60;58;41
2021;Lucian;Top;6.0;54.2;60;21;16
2021;Lulu;Support;19.3;3.6;56;12;34
2021;Malphite;Top;2.4;3.6;0;0;6
2021;Malzahar;Middle;3.6;2.4;67;10;6
2021;Maokai;Support;2.4;0.0;50;2;7
2021;Miss Fortune;ADC;61.4;12.0;43;179;110
2021;Nami;Support;15.7;24.1;54;11;29
2021;Nautilus;Support;12.0;4.8;50;4;47
2021;Olaf;Jungle;7.2;14.5;50;18;16
2021;Olaf;Top;2.4;14.5;0;11;10
2021;Orianna;Middle;14.5;3.6;33;23;25
2021;Poppy;Jungle;9.6;6.0;63;14;15
2021;Poppy;Top;2.4;6.0;0;1;7
2021;Pyke;Support;3.6;0.0;33;13;15
2021;Qiyana;Jungle;12.0;10.8;70;43;25
2021;Rakan;Support;34.9;19.3;62;24;75
2021;Rell;Support;10.8;3.6;56;9;32
2021;Renekton;Top;14.5;4.8;50;19;30
2021;Rumble;Middle;1.2;1.2;0;1;3
2021;Rumble;Top;2.4;1.2;50;2;7
2021;Ryze;Middle;28.9;38.6;46;71;62
2021;Sejuani;Jungle;1.2;0.0;0;4;3
2021;Seraphine;Middle;1.2;0.0;0;2;1
2021;Sett;Support;1.2;7.2;100;2;5
2021;Sett;Top;2.4;7.2;0;3;10
2021;Shaco;Jungle;1.2;0.0;0;0;4
2021;Shen;Support;3.6;0.0;33;4;9
2021;Sylas;Middle;19.3;9.6;50;63;54
2021;Syndra;Middle;16.9;10.8;64;60;29
2021;Syndra;Top;1.2;10.8;100;3;1
2021;Taliyah;Jungle;1.2;3.6;0;2;5
2021;Talon;Jungle;14.5;13.3;58;41;25
2021;Thresh;Support;14.5;21.7;58;5;26
2021;Tristana;ADC;3.6;1.2;67;9;5
2021;Trundle;Jungle;7.2;6.0;50;11;14
2021;Tryndamere;Middle;2.4;7.2;0;9;7
2021;Tryndamere;Top;1.2;7.2;0;6;6
2021;Twisted Fate;Middle;28.9;67.5;54;47;44
2021;Varus;ADC;2.4;1.2;0;1;6
2021;Viego;Jungle;21.7;8.4;56;64;38
2021;Viktor;Middle;3.6;0.0;0;13;12
2021;Wukong;Top;3.6;4.8;67;14;14
2021;Xayah;ADC;1.2;1.2;0;0;5
2021;Xin Zhao;Jungle;36.1;30.1;33;57;106
2021;Yasuo;Middle;2.4;1.2;50;11;5
2021;Yasuo;Top;2.4;1.2;50;2;5
2021;Yone;Middle;1.2;0.0;0;2;3
2021;Yuumi;Support;18.1;78.3;53;21;21
2021;Ziggs;ADC;10.8;7.2;33;21;21
2021;Zilean;Support;3.6;0.0;67;1;4
2021;Zoe;Middle;16.9;9.6;64;43;22
